<?xml version="1.0" encoding="UTF-8"?>
<fileResource exportedWithPermissions="true" dataFile="FoodmartMultiVariableGrant.data">
    <folder>/organizations/organization_1/analysis/schemas</folder>
    <name>FoodmartMultiVariableGrant</name>
    <version>0</version>
    <label>Foodmart Multi Variable Grant</label>
    <description>ANALYSIS Foodmart Multi Variable Grant</description>
    <creationDate>2015-11-12T14:13:59.000-08:00</creationDate>
    <updateDate>2015-11-12T14:13:59.000-08:00</updateDate>
    <fileType>accessGrantSchema</fileType>
</fileResource>
