<?xml version="1.0" encoding="UTF-8"?>
<folder exportedWithPermissions="true">
    <parent>/</parent>
    <name>analysis</name>
    <label>Analysis Components</label>
    <description>Analysis Components</description>
    <creationDate>2016-03-15T13:52:13.377-07:00</creationDate>
    <updateDate>2016-03-15T13:52:13.377-07:00</updateDate>
    <folder>connections</folder>
    <folder>datasources</folder>
    <folder>reports</folder>
    <folder>schemas</folder>
    <folder>views</folder>
    <folder>xmla</folder>
</folder>
