<?xml version="1.0" encoding="UTF-8"?>
<folder exportedWithPermissions="true">
    <parent>/</parent>
    <name>themes</name>
    <label>Themes</label>
    <creationDate>2016-06-10T12:34:50.573-07:00</creationDate>
    <updateDate>2016-06-10T12:34:50.573-07:00</updateDate>
    <folder>default</folder>
    <folder>easy_access</folder>
    <folder>jasper_dark</folder>
    <folder>pods_summer</folder>
    <permission>
        <permissionMask>32</permissionMask>
        <recipient recipientType="role">ROLE_USER</recipient>
    </permission>
</folder>
