<?xml version="1.0" encoding="UTF-8"?>
<reportUnit exportedWithPermissions="false">
    <folder>/public/viz/PersistedId</folder>
    <name>1._Geographic_Results_by_Segment_Report</name>
    <version>0</version>
    <label>01. Geographic Results by Segment Report</label>
    <description>Sample HTML5 multi-axis column chart from Domain showing Sales, Units, and Sales/Square Feet by Country and Store Type with various filters</description>
    <creationDate>2016-02-04T16:16:13.637+02:00</creationDate>
    <updateDate>2014-05-10T19:17:46.692+03:00</updateDate>
    <mainReport>
        <localResource
            xmlns:xsi="http://www.w3.org/2001/XMLSchema-instance"
            exportedWithPermissions="false" dataFile="main_jrxml.data" xsi:type="fileResource">
            <folder>/public/viz/PersistedId/1._Geographic_Results_by_Segment_Report_files</folder>
            <name>main_jrxml</name>
            <version>0</version>
            <label>Main jrxml</label>
            <creationDate>2016-02-04T16:16:13.637+02:00</creationDate>
            <updateDate>2014-05-10T19:17:44.715+03:00</updateDate>
            <fileType>jrxml</fileType>
        </localResource>
    </mainReport>
    <dataSource>
        <uri>/public/Samples/Ad_Hoc_Views/1_Geographic_Results_by_Segment</uri>
    </dataSource>
    <resource>
        <localResource
            xmlns:xsi="http://www.w3.org/2001/XMLSchema-instance"
            exportedWithPermissions="false"
            dataFile="supermart_domain.properties.data" xsi:type="fileResource">
            <folder>/public/viz/PersistedId/1._Geographic_Results_by_Segment_Report_files</folder>
            <name>supermart_domain.properties</name>
            <version>0</version>
            <label>bundle</label>
            <description>bundle</description>
            <creationDate>2016-02-04T16:16:13.637+02:00</creationDate>
            <updateDate>2014-05-10T19:09:40.742+03:00</updateDate>
            <fileType>prop</fileType>
        </localResource>
    </resource>
    <resource>
        <localResource
            xmlns:xsi="http://www.w3.org/2001/XMLSchema-instance"
            exportedWithPermissions="false"
            dataFile="supermart_domain_en_US.properties.data" xsi:type="fileResource">
            <folder>/public/viz/PersistedId/1._Geographic_Results_by_Segment_Report_files</folder>
            <name>supermart_domain_en_US.properties</name>
            <version>0</version>
            <label>bundle</label>
            <description>bundle</description>
            <creationDate>2016-02-04T16:16:13.637+02:00</creationDate>
            <updateDate>2014-05-10T19:09:40.742+03:00</updateDate>
            <fileType>prop</fileType>
        </localResource>
    </resource>
    <resource>
        <localResource
            xmlns:xsi="http://www.w3.org/2001/XMLSchema-instance"
            exportedWithPermissions="false"
            dataFile="supermart_domain_es.properties.data" xsi:type="fileResource">
            <folder>/public/viz/PersistedId/1._Geographic_Results_by_Segment_Report_files</folder>
            <name>supermart_domain_es.properties</name>
            <version>0</version>
            <label>bundle</label>
            <description>bundle</description>
            <creationDate>2016-02-04T16:16:13.637+02:00</creationDate>
            <updateDate>2014-05-10T19:09:40.742+03:00</updateDate>
            <fileType>prop</fileType>
        </localResource>
    </resource>
    <resource>
        <localResource
            xmlns:xsi="http://www.w3.org/2001/XMLSchema-instance"
            exportedWithPermissions="false"
            dataFile="supermart_domain_fr.properties.data" xsi:type="fileResource">
            <folder>/public/viz/PersistedId/1._Geographic_Results_by_Segment_Report_files</folder>
            <name>supermart_domain_fr.properties</name>
            <version>0</version>
            <label>bundle</label>
            <description>bundle</description>
            <creationDate>2016-02-04T16:16:13.637+02:00</creationDate>
            <updateDate>2014-05-10T19:09:40.742+03:00</updateDate>
            <fileType>prop</fileType>
        </localResource>
    </resource>
    <resource>
        <localResource
            xmlns:xsi="http://www.w3.org/2001/XMLSchema-instance"
            exportedWithPermissions="false"
            dataFile="supermart_domain_ja.properties.data" xsi:type="fileResource">
            <folder>/public/viz/PersistedId/1._Geographic_Results_by_Segment_Report_files</folder>
            <name>supermart_domain_ja.properties</name>
            <version>0</version>
            <label>bundle</label>
            <description>bundle</description>
            <creationDate>2016-02-04T16:16:13.637+02:00</creationDate>
            <updateDate>2014-05-10T19:09:40.742+03:00</updateDate>
            <fileType>prop</fileType>
        </localResource>
    </resource>
    <resource>
        <localResource
            xmlns:xsi="http://www.w3.org/2001/XMLSchema-instance"
            exportedWithPermissions="false"
            dataFile="supermart_domain_zh_CN.properties.data" xsi:type="fileResource">
            <folder>/public/viz/PersistedId/1._Geographic_Results_by_Segment_Report_files</folder>
            <name>supermart_domain_zh_CN.properties</name>
            <version>0</version>
            <label>bundle</label>
            <description>bundle</description>
            <creationDate>2016-02-04T16:16:13.637+02:00</creationDate>
            <updateDate>2014-05-10T19:09:40.742+03:00</updateDate>
            <fileType>prop</fileType>
        </localResource>
    </resource>
    <resource>
        <localResource
            xmlns:xsi="http://www.w3.org/2001/XMLSchema-instance"
            exportedWithPermissions="false"
            dataFile="supermart_domain_de.properties.data" xsi:type="fileResource">
            <folder>/public/viz/PersistedId/1._Geographic_Results_by_Segment_Report_files</folder>
            <name>supermart_domain_de.properties</name>
            <version>0</version>
            <label>bundle</label>
            <description>bundle</description>
            <creationDate>2016-02-04T16:16:13.637+02:00</creationDate>
            <updateDate>2014-05-10T19:09:40.742+03:00</updateDate>
            <fileType>prop</fileType>
        </localResource>
    </resource>
    <resource>
        <localResource
            xmlns:xsi="http://www.w3.org/2001/XMLSchema-instance"
            exportedWithPermissions="false" dataFile="stateXML.data" xsi:type="fileResource">
            <folder>/public/viz/PersistedId/1._Geographic_Results_by_Segment_Report_files</folder>
            <name>stateXML</name>
            <version>0</version>
            <label>stateXML</label>
            <creationDate>2016-02-04T16:16:13.637+02:00</creationDate>
            <updateDate>2014-05-10T19:09:40.742+03:00</updateDate>
            <fileType>xml</fileType>
        </localResource>
    </resource>
    <inputControlRenderingView></inputControlRenderingView>
    <alwaysPromptControls>false</alwaysPromptControls>
    <controlsLayout>1</controlsLayout>
</reportUnit>
