<?xml version="1.0" encoding="UTF-8"?>
<fileResource exportedWithPermissions="true" dataFile="FoodmartSchemaUpper.data">
    <folder>/analysis/schemas</folder>
    <name>FoodmartSchemaUpper</name>
    <version>0</version>
    <label>Foodmart Schema Uppercase</label>
    <description>Foodmart Analysis Schema Uppercase</description>
    <creationDate>2016-03-15T13:52:13.584-07:00</creationDate>
    <updateDate>2016-03-15T13:52:13.584-07:00</updateDate>
    <fileType>olapMondrianSchema</fileType>
</fileResource>
