<?xml version="1.0" encoding="UTF-8"?>
<secureMondrianConnection exportedWithPermissions="false">
    <folder>/organizations/organization_1/analysis/connections</folder>
    <name>Foodmart</name>
    <version>4</version>
    <label>Foodmart</label>
    <description>Foodmart Mondrian Analysis Connection</description>
    <creationDate>2016-02-04T16:24:04.659+02:00</creationDate>
    <updateDate>2016-02-03T14:32:09.804+02:00</updateDate>
    <schema>
        <uri>/organizations/organization_1/analysis/schemas/FoodmartSchema</uri>
    </schema>
    <dataSource>
        <uri>/organizations/organization_1/analysis/datasources/FoodmartDataSourceJNDI</uri>
    </dataSource>
    <grant>
        <uri>/organizations/organization_1/analysis/schemas/FoodmartNoTopGrant</uri>
    </grant>
</secureMondrianConnection>
