<?xml version="1.0" encoding="UTF-8"?>
<fileResource exportedWithPermissions="false" dataFile="supermart_en_US.properties.data">
    <folder>/public/Samples/Resources/Extras</folder>
    <name>supermart_en_US.properties</name>
    <version>3</version>
    <label>supermart_en_US.properties</label>
    <description>US English resource bundle</description>
    <creationDate>2016-02-04T16:42:38.957+02:00</creationDate>
    <updateDate>2014-09-30T20:27:43.907+03:00</updateDate>
    <fileType>prop</fileType>
</fileResource>
