<?xml version="1.0" encoding="UTF-8"?>
<fileResource exportedWithPermissions="false" dataFile="supermart_de.properties.data">
    <folder>/public/Samples/Resources/Extras</folder>
    <name>supermart_de.properties</name>
    <version>3</version>
    <label>supermart_de.properties</label>
    <description>German resource bundle</description>
    <creationDate>2016-02-04T16:42:38.865+02:00</creationDate>
    <updateDate>2014-09-30T20:27:44.116+03:00</updateDate>
    <fileType>prop</fileType>
</fileResource>
