<?xml version="1.0" encoding="UTF-8"?>
<fileResource exportedWithPermissions="false" dataFile="supermart_zh_CN.properties.data">
    <folder>/public/Samples/Resources/Extras</folder>
    <name>supermart_zh_CN.properties</name>
    <version>3</version>
    <label>supermart_zh_CN.properties</label>
    <description>Chinese resource bundle</description>
    <creationDate>2016-02-04T16:42:39.311+02:00</creationDate>
    <updateDate>2014-09-30T20:27:43.840+03:00</updateDate>
    <fileType>prop</fileType>
</fileResource>
