<?xml version="1.0" encoding="UTF-8"?>
<fileResource exportedWithPermissions="false" dataFile="supermart_fr.properties.data">
    <folder>/public/Samples/Resources/Extras</folder>
    <name>supermart_fr.properties</name>
    <version>3</version>
    <label>supermart_fr.properties</label>
    <description>French resource bundle</description>
    <creationDate>2016-02-04T16:42:39.134+02:00</creationDate>
    <updateDate>2014-09-30T20:27:44.030+03:00</updateDate>
    <fileType>prop</fileType>
</fileResource>
