<?xml version="1.0" encoding="UTF-8"?>
<fileResource exportedWithPermissions="true" dataFile="ProfileSchemaUpper.data">
    <folder>/organizations/organization_1/performance/schemas</folder>
    <name>ProfileSchemaUpper</name>
    <version>0</version>
    <label>Profile Schema Uppercase</label>
    <description>Profile Performance Schema Uppercase</description>
    <creationDate>2015-05-25T08:19:54.000-07:00</creationDate>
    <updateDate>2015-05-25T08:19:54.000-07:00</updateDate>
    <fileType>olapMondrianSchema</fileType>
</fileResource>
