<?xml version="1.0" encoding="UTF-8"?>
<dashboardModelResource exportedWithPermissions="false">
    <folder>/public/viz/Dashboard</folder>
    <name>Simple_Cascading_Multiselect_with_Inline_Controls</name>
    <version>0</version>
    <label>Simple Cascading Multiselect with Inline Controls</label>
    <creationDate>2016-05-26T14:36:48.844+03:00</creationDate>
    <updateDate>2016-05-26T14:36:48.844+03:00</updateDate>
    <defaultFoundation>default</defaultFoundation>
    <foundation>
        <id>default</id>
        <layout>layout</layout>
        <wiring>wiring</wiring>
        <components>components</components>
    </foundation>
    <resourceDescriptor>
        <type>wiring</type>
        <id>wiring</id>
    </resourceDescriptor>
    <resourceDescriptor>
        <type>layout</type>
        <id>layout</id>
    </resourceDescriptor>
    <resourceDescriptor>
        <type>components</type>
        <id>components</id>
    </resourceDescriptor>
    <resourceDescriptor>
        <type>reportUnit</type>
        <id>/organizations/organization_1/adhoc/topics/Cascading_multi_select_topic</id>
    </resourceDescriptor>
    <resourceDescriptor>
        <type>inputControl</type>
        <id>/organizations/organization_1/adhoc/topics/Cascading_multi_select_topic_files/Country_multi_select</id>
    </resourceDescriptor>
    <resourceDescriptor>
        <type>inputControl</type>
        <id>/organizations/organization_1/adhoc/topics/Cascading_multi_select_topic_files/Cascading_state_multi_select</id>
    </resourceDescriptor>
    <resourceDescriptor>
        <type>inputControl</type>
        <id>/organizations/organization_1/adhoc/topics/Cascading_multi_select_topic_files/Cascading_name_single_select</id>
    </resourceDescriptor>
    <resource>
        <localResource
            xmlns:xsi="http://www.w3.org/2001/XMLSchema-instance"
            exportedWithPermissions="false" dataFile="wiring.data" xsi:type="fileResource">
            <folder>/public/viz/Dashboard/Simple_Cascading_Multiselect_with_Inline_Controls_files</folder>
            <name>wiring</name>
            <version>0</version>
            <label>wiring</label>
            <creationDate>2016-05-26T14:36:48.844+03:00</creationDate>
            <updateDate>2016-05-26T14:36:48.844+03:00</updateDate>
            <fileType>json</fileType>
        </localResource>
    </resource>
    <resource>
        <localResource
            xmlns:xsi="http://www.w3.org/2001/XMLSchema-instance"
            exportedWithPermissions="false" dataFile="layout" xsi:type="contentResource">
            <folder>/public/viz/Dashboard/Simple_Cascading_Multiselect_with_Inline_Controls_files</folder>
            <name>layout</name>
            <version>0</version>
            <label>layout</label>
            <creationDate>2016-05-26T14:36:48.844+03:00</creationDate>
            <updateDate>2016-05-26T14:36:48.844+03:00</updateDate>
            <fileType>html</fileType>
        </localResource>
    </resource>
    <resource>
        <localResource
            xmlns:xsi="http://www.w3.org/2001/XMLSchema-instance"
            exportedWithPermissions="false" dataFile="components.data" xsi:type="fileResource">
            <folder>/public/viz/Dashboard/Simple_Cascading_Multiselect_with_Inline_Controls_files</folder>
            <name>components</name>
            <version>0</version>
            <label>components</label>
            <creationDate>2016-05-26T14:36:48.844+03:00</creationDate>
            <updateDate>2016-05-26T14:36:48.844+03:00</updateDate>
            <fileType>dashboardComponent</fileType>
        </localResource>
    </resource>
    <resource>
        <uri>/organizations/organization_1/adhoc/topics/Cascading_multi_select_topic</uri>
    </resource>
    <resource>
        <localResource
            xmlns:xsi="http://www.w3.org/2001/XMLSchema-instance"
            exportedWithPermissions="false" xsi:type="inputControl">
            <folder>/public/viz/Dashboard/Simple_Cascading_Multiselect_with_Inline_Controls_files</folder>
            <name>Country_multi_select</name>
            <version>0</version>
            <label>Country_multi_select</label>
            <description>Country multi select</description>
            <creationDate>2016-05-26T14:36:48.844+03:00</creationDate>
            <updateDate>2016-05-26T14:36:48.844+03:00</updateDate>
            <type>7</type>
            <mandatory>true</mandatory>
            <readOnly>false</readOnly>
            <visible>true</visible>
            <query>
                <localResource exportedWithPermissions="false" xsi:type="query">
                    <folder>/public/viz/Dashboard/Simple_Cascading_Multiselect_with_Inline_Controls_files/Country_multi_select_files</folder>
                    <name>country_query</name>
                    <version>0</version>
                    <label>Country Query</label>
                    <creationDate>2016-05-26T14:36:48.844+03:00</creationDate>
                    <updateDate>2016-05-26T14:36:48.844+03:00</updateDate>
                    <language>sql</language>
                    <queryString>select distinct billing_address_country from accounts order by billing_address_country</queryString>
                    <dataSource>
                        <uri>/organizations/organization_1/datasources/JServerJNDIDS</uri>
                    </dataSource>
                </localResource>
            </query>
            <queryVisibleColumn>billing_address_country</queryVisibleColumn>
            <queryValueColumn>billing_address_country</queryValueColumn>
        </localResource>
    </resource>
    <resource>
        <localResource
            xmlns:xsi="http://www.w3.org/2001/XMLSchema-instance"
            exportedWithPermissions="false" xsi:type="inputControl">
            <folder>/public/viz/Dashboard/Simple_Cascading_Multiselect_with_Inline_Controls_files</folder>
            <name>Cascading_state_multi_select</name>
            <version>0</version>
            <label>Cascading_state_multi_select</label>
            <description>Cascading state multi select control</description>
            <creationDate>2016-05-26T14:36:48.844+03:00</creationDate>
            <updateDate>2016-05-26T14:36:48.844+03:00</updateDate>
            <type>7</type>
            <mandatory>true</mandatory>
            <readOnly>false</readOnly>
            <visible>true</visible>
            <query>
                <localResource exportedWithPermissions="false" xsi:type="query">
                    <folder>/public/viz/Dashboard/Simple_Cascading_Multiselect_with_Inline_Controls_files/Cascading_state_multi_select_files</folder>
                    <name>Cascading_state_query</name>
                    <version>0</version>
                    <label>Cascading state query</label>
                    <creationDate>2016-05-26T14:36:48.844+03:00</creationDate>
                    <updateDate>2016-05-26T14:36:48.844+03:00</updateDate>
                    <language>sql</language>
                    <queryString>select distinct billing_address_state, billing_address_country from accounts where $X{IN, billing_address_country, Country_multi_select} order by billing_address_country, billing_address_state</queryString>
                    <dataSource>
                        <uri>/organizations/organization_1/datasources/JServerJNDIDS</uri>
                    </dataSource>
                </localResource>
            </query>
            <queryVisibleColumn>billing_address_country</queryVisibleColumn>
            <queryVisibleColumn>billing_address_state</queryVisibleColumn>
            <queryValueColumn>billing_address_state</queryValueColumn>
        </localResource>
    </resource>
    <resource>
        <localResource
            xmlns:xsi="http://www.w3.org/2001/XMLSchema-instance"
            exportedWithPermissions="false" xsi:type="inputControl">
            <folder>/public/viz/Dashboard/Simple_Cascading_Multiselect_with_Inline_Controls_files</folder>
            <name>Cascading_name_single_select</name>
            <version>0</version>
            <label>Cascading_name_single_select</label>
            <description>Cascading name single select</description>
            <creationDate>2016-05-26T14:36:48.844+03:00</creationDate>
            <updateDate>2016-05-26T14:36:48.844+03:00</updateDate>
            <type>4</type>
            <mandatory>true</mandatory>
            <readOnly>false</readOnly>
            <visible>true</visible>
            <query>
                <localResource exportedWithPermissions="false" xsi:type="query">
                    <folder>/public/viz/Dashboard/Simple_Cascading_Multiselect_with_Inline_Controls_files/Cascading_name_single_select_files</folder>
                    <name>country_state_to_name</name>
                    <version>0</version>
                    <label>Country State to Name</label>
                    <creationDate>2016-05-26T14:36:48.844+03:00</creationDate>
                    <updateDate>2016-05-26T14:36:48.844+03:00</updateDate>
                    <language>sql</language>
                    <queryString>select name from accounts where $X{IN, billing_address_country, Country_multi_select} and $X{IN, billing_address_state, Cascading_state_multi_select} order by name</queryString>
                    <dataSource>
                        <uri>/organizations/organization_1/datasources/JServerJNDIDS</uri>
                    </dataSource>
                </localResource>
            </query>
            <queryVisibleColumn>name</queryVisibleColumn>
            <queryValueColumn>name</queryValueColumn>
        </localResource>
    </resource>
</dashboardModelResource>
