<?xml version="1.0" encoding="UTF-8"?>
<reportUnit exportedWithPermissions="true">
    <folder>/organizations/organization_1/adhoc/topics</folder>
    <name>SuperMartStoresTopic</name>
    <version>0</version>
    <label>SuperMart Stores</label>
    <description>Simple Topic. Good for trying calculations (sales - cost = profit). Add summaries for sales and profit. Group by State, then show Chart.</description>
    <creationDate>2015-11-12T14:13:59.000-08:00</creationDate>
    <updateDate>2015-11-12T14:13:59.000-08:00</updateDate>
    <mainReport>
        <localResource
            xmlns:xsi="http://www.w3.org/2001/XMLSchema-instance"
            exportedWithPermissions="false"
            dataFile="SuperMartStoresTopic.jrxml.data" xsi:type="fileResource">
            <folder>/organizations/organization_1/adhoc/topics/SuperMartStoresTopic_files</folder>
            <name>SuperMartStoresTopic.jrxml</name>
            <version>0</version>
            <label>SuperMartStoresTopic.jrxml file</label>
            <description>SuperMartStoresTopic.jrxml file used by the SuperMartStoresTopic report unit</description>
            <creationDate>2015-11-12T14:13:59.000-08:00</creationDate>
            <updateDate>2015-11-12T14:13:59.000-08:00</updateDate>
            <fileType>jrxml</fileType>
        </localResource>
    </mainReport>
    <dataSource>
        <uri>/organizations/organization_1/analysis/datasources/FoodmartDataSourceJNDI</uri>
    </dataSource>
    <resource>
        <localResource
            xmlns:xsi="http://www.w3.org/2001/XMLSchema-instance"
            exportedWithPermissions="false" xsi:type="fileResource">
            <folder>/organizations/organization_1/adhoc/topics/SuperMartStoresTopic_files</folder>
            <name>supermart.properties</name>
            <version>0</version>
            <label>supermart.properties</label>
            <description>Base resource bundle</description>
            <creationDate>2015-11-12T14:13:59.000-08:00</creationDate>
            <updateDate>2015-11-12T14:13:59.000-08:00</updateDate>
            <referenceUri>/organizations/organization_1/supermart/Common/supermart.properties</referenceUri>
        </localResource>
    </resource>
    <resource>
        <localResource
            xmlns:xsi="http://www.w3.org/2001/XMLSchema-instance"
            exportedWithPermissions="false" xsi:type="fileResource">
            <folder>/organizations/organization_1/adhoc/topics/SuperMartStoresTopic_files</folder>
            <name>supermart_de.properties</name>
            <version>0</version>
            <label>supermart_de.properties</label>
            <description>German resource bundle</description>
            <creationDate>2015-11-12T14:13:59.000-08:00</creationDate>
            <updateDate>2015-11-12T14:13:59.000-08:00</updateDate>
            <referenceUri>/organizations/organization_1/supermart/Common/supermart_de.properties</referenceUri>
        </localResource>
    </resource>
    <resource>
        <localResource
            xmlns:xsi="http://www.w3.org/2001/XMLSchema-instance"
            exportedWithPermissions="false" xsi:type="fileResource">
            <folder>/organizations/organization_1/adhoc/topics/SuperMartStoresTopic_files</folder>
            <name>supermart_en_US.properties</name>
            <version>0</version>
            <label>supermart_en_US.properties</label>
            <description>US English resource bundle</description>
            <creationDate>2015-11-12T14:13:59.000-08:00</creationDate>
            <updateDate>2015-11-12T14:13:59.000-08:00</updateDate>
            <referenceUri>/organizations/organization_1/supermart/Common/supermart_en_US.properties</referenceUri>
        </localResource>
    </resource>
    <resource>
        <localResource
            xmlns:xsi="http://www.w3.org/2001/XMLSchema-instance"
            exportedWithPermissions="false" xsi:type="fileResource">
            <folder>/organizations/organization_1/adhoc/topics/SuperMartStoresTopic_files</folder>
            <name>supermart_es.properties</name>
            <version>0</version>
            <label>supermart_es.properties</label>
            <description>Spanish resource bundle</description>
            <creationDate>2015-11-12T14:13:59.000-08:00</creationDate>
            <updateDate>2015-11-12T14:13:59.000-08:00</updateDate>
            <referenceUri>/organizations/organization_1/supermart/Common/supermart_es.properties</referenceUri>
        </localResource>
    </resource>
    <resource>
        <localResource
            xmlns:xsi="http://www.w3.org/2001/XMLSchema-instance"
            exportedWithPermissions="false" xsi:type="fileResource">
            <folder>/organizations/organization_1/adhoc/topics/SuperMartStoresTopic_files</folder>
            <name>supermart_fr.properties</name>
            <version>0</version>
            <label>supermart_fr.properties</label>
            <description>French resource bundle</description>
            <creationDate>2015-11-12T14:13:59.000-08:00</creationDate>
            <updateDate>2015-11-12T14:13:59.000-08:00</updateDate>
            <referenceUri>/organizations/organization_1/supermart/Common/supermart_fr.properties</referenceUri>
        </localResource>
    </resource>
    <resource>
        <localResource
            xmlns:xsi="http://www.w3.org/2001/XMLSchema-instance"
            exportedWithPermissions="false" xsi:type="fileResource">
            <folder>/organizations/organization_1/adhoc/topics/SuperMartStoresTopic_files</folder>
            <name>supermart_ja.properties</name>
            <version>0</version>
            <label>supermart_ja.properties</label>
            <description>Japanese resource bundle</description>
            <creationDate>2015-11-12T14:13:59.000-08:00</creationDate>
            <updateDate>2015-11-12T14:13:59.000-08:00</updateDate>
            <referenceUri>/organizations/organization_1/supermart/Common/supermart_ja.properties</referenceUri>
        </localResource>
    </resource>
    <resource>
        <localResource
            xmlns:xsi="http://www.w3.org/2001/XMLSchema-instance"
            exportedWithPermissions="false" xsi:type="fileResource">
            <folder>/organizations/organization_1/adhoc/topics/SuperMartStoresTopic_files</folder>
            <name>supermart_zh_CN.properties</name>
            <version>0</version>
            <label>supermart_zh_CN.properties</label>
            <description>Chinese resource bundle</description>
            <creationDate>2015-11-12T14:13:59.000-08:00</creationDate>
            <updateDate>2015-11-12T14:13:59.000-08:00</updateDate>
            <referenceUri>/organizations/organization_1/supermart/Common/supermart_zh_CN.properties</referenceUri>
        </localResource>
    </resource>
    <alwaysPromptControls>false</alwaysPromptControls>
    <controlsLayout>1</controlsLayout>
</reportUnit>
