<?xml version="1.0" encoding="UTF-8"?>
<reportUnit exportedWithPermissions="false">
    <folder>/public/viz/jFreeCharts</folder>
    <name>jfreecharts</name>
    <version>0</version>
    <label>jfreecharts</label>
    <description></description>
    <creationDate>2016-02-04T16:16:12.068+02:00</creationDate>
    <updateDate>2014-03-19T14:39:45.288+02:00</updateDate>
    <mainReport>
        <localResource
            xmlns:xsi="http://www.w3.org/2001/XMLSchema-instance"
            exportedWithPermissions="false" dataFile="main_jrxml.data" xsi:type="fileResource">
            <folder>/public/viz/jFreeCharts/jfreecharts_files</folder>
            <name>main_jrxml</name>
            <version>0</version>
            <label>Main jrxml</label>
            <creationDate>2016-02-04T16:16:12.068+02:00</creationDate>
            <updateDate>2014-03-19T14:39:45.288+02:00</updateDate>
            <fileType>jrxml</fileType>
        </localResource>
    </mainReport>
    <dataSource>
        <uri>/organizations/organization_1/analysis/datasources/SugarCRMDataSourceJNDI</uri>
    </dataSource>
    <alwaysPromptControls>false</alwaysPromptControls>
    <controlsLayout>1</controlsLayout>
</reportUnit>
