<?xml version="1.0" encoding="UTF-8"?>
<folder exportedWithPermissions="true">
    <parent>/public/monitoring</parent>
    <name>datasources</name>
    <label>Monitoring Data Sources</label>
    <description>Monitoring Data Sources</description>
    <creationDate>2015-09-04T17:22:17.000-07:00</creationDate>
    <updateDate>2015-09-04T17:22:17.000-07:00</updateDate>
    <resource>ReportMonitoringDataSource</resource>
    <permission>
        <permissionMask>0</permissionMask>
        <recipient recipientType="role">ROLE_USER</recipient>
    </permission>
    <permission>
        <permissionMask>0</permissionMask>
        <recipient recipientType="role">ROLE_ADMINISTRATOR</recipient>
    </permission>
</folder>
