<?xml version="1.0" encoding="UTF-8"?>
<fileResource exportedWithPermissions="true" dataFile="FoodmartSchema.data">
    <folder>/organizations/organization_1/analysis/schemas</folder>
    <name>FoodmartSchema</name>
    <version>0</version>
    <label>FoodmartSchema</label>
    <description>Foodmart Analysis Schema</description>
    <creationDate>2014-12-16T14:25:06.536-08:00</creationDate>
    <updateDate>2014-12-16T14:25:06.536-08:00</updateDate>
    <fileType>olapMondrianSchema</fileType>
</fileResource>
