<?xml version="1.0" encoding="UTF-8"?>
<fileResource exportedWithPermissions="true" dataFile="FoodmartNoTopGrant.data">
    <folder>/organizations/organization_1/analysis/schemas</folder>
    <name>FoodmartNoTopGrant</name>
    <version>0</version>
    <label>Foodmart Grant without top levels</label>
    <description>ANALYSIS Foodmart Grant with no top levels allowing navigation in the browser</description>
    <creationDate>2015-09-04T17:13:30.419-07:00</creationDate>
    <updateDate>2015-09-04T17:13:30.419-07:00</updateDate>
    <fileType>accessGrantSchema</fileType>
</fileResource>
