<?xml version="1.0" encoding="UTF-8"?>
<folder exportedWithPermissions="true">
    <parent>/themes/default/jasper-ui</parent>
    <name>fonts</name>
    <label>fonts</label>
    <creationDate>2017-05-26T07:10:52.000-07:00</creationDate>
    <updateDate>2017-05-26T07:10:33.000-07:00</updateDate>
    <resource>jrs-icons.svg</resource>
    <resource>jrs-icons.ttf</resource>
    <resource>jrs-icons.woff</resource>
    <resource>OpenSans-Italic-webfont.eot</resource>
    <resource>OpenSans-Italic-webfont.svg</resource>
    <resource>OpenSans-Italic-webfont.ttf</resource>
    <resource>OpenSans-Italic-webfont.woff</resource>
    <resource>OpenSans-Italic-webfont.woff2</resource>
    <resource>OpenSans-Regular-webfont.eot</resource>
    <resource>OpenSans-Regular-webfont.svg</resource>
    <resource>OpenSans-Regular-webfont.ttf</resource>
    <resource>OpenSans-Regular-webfont.woff</resource>
    <resource>OpenSans-Regular-webfont.woff2</resource>
    <resource>OpenSans-SemiboldItalic-webfont.eot</resource>
    <resource>OpenSans-SemiboldItalic-webfont.svg</resource>
    <resource>OpenSans-SemiboldItalic-webfont.ttf</resource>
    <resource>OpenSans-SemiboldItalic-webfont.woff</resource>
    <resource>OpenSans-SemiboldItalic-webfont.woff2</resource>
    <resource>OpenSans-Semibold-webfont.eot</resource>
    <resource>OpenSans-Semibold-webfont.svg</resource>
    <resource>OpenSans-Semibold-webfont.ttf</resource>
    <resource>OpenSans-Semibold-webfont.woff</resource>
    <resource>OpenSans-Semibold-webfont.woff2</resource>
</folder>
