<?xml version="1.0" encoding="UTF-8"?>
<folder exportedWithPermissions="true">
    <parent>/public/monitoring</parent>
    <name>domains</name>
    <label>Monitoring Domains</label>
    <description>Monitoring Domains</description>
    <creationDate>2017-05-26T07:11:12.000-07:00</creationDate>
    <updateDate>2017-05-26T07:11:12.000-07:00</updateDate>
    <resource>ReportMonitoringDomain</resource>
    <permission>
        <permissionMask>0</permissionMask>
        <recipient recipientType="role">ROLE_USER</recipient>
    </permission>
    <permission>
        <permissionMask>0</permissionMask>
        <recipient recipientType="role">ROLE_ADMINISTRATOR</recipient>
    </permission>
</folder>
