<?xml version="1.0" encoding="UTF-8"?>
<secureMondrianConnection exportedWithPermissions="true">
    <folder>/organizations/organization_1/analysis/connections</folder>
    <name>SugarCRM</name>
    <version>0</version>
    <label>SugarCRM</label>
    <description>SugarCRM Mondrian Analysis Connection: only opportunities</description>
    <creationDate>2017-05-26T07:12:53.000-07:00</creationDate>
    <updateDate>2017-05-26T07:12:53.000-07:00</updateDate>
    <schema>
        <uri>/organizations/organization_1/analysis/schemas/SugarCRMSchema</uri>
    </schema>
    <dataSource>
        <uri>/organizations/organization_1/analysis/datasources/SugarCRMDataSourceJNDI</uri>
    </dataSource>
</secureMondrianConnection>
