<?xml version="1.0" encoding="UTF-8"?>
<jndiJdbcDataSource exportedWithPermissions="false">
    <folder>/organizations/organization_1/analysis/datasources</folder>
    <name>FoodmartDataSourceJNDI</name>
    <version>3</version>
    <label>Foodmart Data Source JNDI</label>
    <description>Foodmart Data Source JNDI</description>
    <creationDate>2016-02-04T16:23:58.042+02:00</creationDate>
    <updateDate>2016-02-03T14:31:48.059+02:00</updateDate>
    <jndiName>jdbc/foodmart</jndiName>
</jndiJdbcDataSource>
