<?xml version="1.0" encoding="UTF-8"?>
<jndiJdbcDataSource exportedWithPermissions="false">
    <folder>/organizations/organization_1/analysis/datasources</folder>
    <name>SugarCRMDataSourceJNDI</name>
    <version>3</version>
    <label>SugarCRM Data Source JNDI</label>
    <description>SugarCRM Data Source JNDI</description>
    <creationDate>2016-02-04T16:23:58.318+02:00</creationDate>
    <updateDate>2016-02-03T14:31:48.119+02:00</updateDate>
    <jndiName>jdbc/sugarcrm</jndiName>
</jndiJdbcDataSource>
