<?xml version="1.0" encoding="UTF-8"?>
<fileResource exportedWithPermissions="true" dataFile="OpenSans-Semibold-webfont.ttf.data">
    <folder>/organizations/organization_1/themes/default/jasper-ui/fonts</folder>
    <name>OpenSans-Semibold-webfont.ttf</name>
    <version>0</version>
    <label>OpenSans-Semibold-webfont.ttf</label>
    <creationDate>2017-10-27T03:02:51.000-07:00</creationDate>
    <updateDate>2017-10-27T03:02:51.000-07:00</updateDate>
    <fileType>img</fileType>
</fileResource>
