<?xml version="1.0" encoding="UTF-8"?>
<fileResource exportedWithPermissions="true" dataFile="OpenSans-Semibold-webfont.woff.data">
    <folder>/organizations/organization_1/themes/default/jasper-ui/fonts</folder>
    <name>OpenSans-Semibold-webfont.woff</name>
    <version>0</version>
    <label>OpenSans-Semibold-webfont.woff</label>
    <creationDate>2017-05-26T07:12:39.000-07:00</creationDate>
    <updateDate>2017-05-26T07:12:39.000-07:00</updateDate>
    <fileType>img</fileType>
</fileResource>
