<?xml version="1.0" encoding="UTF-8"?>
<folder exportedWithPermissions="true">
    <parent>/organizations/organization_1/organizations/org_template</parent>
    <name>temp</name>
    <label>Temp</label>
    <description>Temp</description>
    <creationDate>2014-05-16T12:35:09.811-07:00</creationDate>
    <updateDate>2014-05-16T12:35:08.523-07:00</updateDate>
    <permission>
        <permissionMask>1</permissionMask>
        <recipient recipientType="role">ROLE_USER</recipient>
    </permission>
</folder>
