<?xml version="1.0" encoding="UTF-8"?>
<inputControl exportedWithPermissions="true">
    <folder>/public/Samples/Resources/Input_Controls</folder>
    <name>endMonth</name>
    <version>0</version>
    <label>End Month</label>
    <description>Uses MonthNamesList (in root\input data types). Maps to endMonth parameter.</description>
    <creationDate>2015-05-25T08:09:34.654-07:00</creationDate>
    <updateDate>2013-08-28T22:46:36.327-07:00</updateDate>
    <type>3</type>
    <mandatory>true</mandatory>
    <readOnly>false</readOnly>
    <visible>true</visible>
    <listOfValues>
        <uri>/public/Samples/Resources/Data_Types/MonthNamesList</uri>
    </listOfValues>
</inputControl>
