<?xml version="1.0" encoding="UTF-8"?>
<folder exportedWithPermissions="true">
    <parent>/organizations/organization_1</parent>
    <name>images</name>
    <label>Images</label>
    <description>Folder containing reusable images</description>
    <creationDate>2014-05-16T12:36:11.845-07:00</creationDate>
    <updateDate>2014-05-16T12:36:11.845-07:00</updateDate>
    <resource>JRLogo</resource>
    <permission>
        <permissionMask>32</permissionMask>
        <recipient recipientType="role">ROLE_USER</recipient>
    </permission>
</folder>
