<?xml version="1.0" encoding="UTF-8"?>
<jdbcDataSource exportedWithPermissions="true">
    <folder>/organizations/organization_1/analysis/datasources</folder>
    <name>FoodmartDataSource</name>
    <version>0</version>
    <label>Foodmart Data Source</label>
    <description>Foodmart Data Source</description>
    <creationDate>2015-05-25T08:21:16.000-07:00</creationDate>
    <updateDate>2015-05-25T08:21:16.000-07:00</updateDate>
    <driver>org.mariadb.jdbc.Driver</driver>
    <connectionUrl>jdbc:mysql://ci-catalogs.jaspersoft.com:3306/foodmart?useUnicode=true&amp;amp;characterEncoding=UTF-8&amp;amp;autoReconnect=true&amp;amp;autoReconnectForPools=true</connectionUrl>
    <connectionUser>root</connectionUser>
    <connectionPassword>ENC&lt;A10D6D127EB6773A06679DA5EB61DD1D&gt;</connectionPassword>
</jdbcDataSource>
