<?xml version="1.0" encoding="UTF-8"?>
<fileResource exportedWithPermissions="false" dataFile="FoodmartSchema.data">
    <folder>/organizations/organization_1/analysis/schemas</folder>
    <name>FoodmartSchema</name>
    <version>3</version>
    <label>FoodmartSchema</label>
    <description>Foodmart Analysis Schema</description>
    <creationDate>2016-02-04T16:24:04.534+02:00</creationDate>
    <updateDate>2016-02-03T14:31:47.776+02:00</updateDate>
    <fileType>olapMondrianSchema</fileType>
</fileResource>
