<?xml version="1.0" encoding="UTF-8"?>
<fileResource exportedWithPermissions="false" dataFile="FoodmartNoTopGrant.data">
    <folder>/organizations/organization_1/analysis/schemas</folder>
    <name>FoodmartNoTopGrant</name>
    <version>3</version>
    <label>Foodmart Grant without top levels</label>
    <description>ANALYSIS Foodmart Grant with no top levels allowing navigation in the browser</description>
    <creationDate>2016-02-04T16:24:04.623+02:00</creationDate>
    <updateDate>2016-02-03T14:32:09.588+02:00</updateDate>
    <fileType>accessGrantSchema</fileType>
</fileResource>
