<?xml version="1.0" encoding="UTF-8"?>
<reportUnit exportedWithPermissions="false">
    <folder>/public/viz/Slow_Report</folder>
    <name>easy_small</name>
    <version>0</version>
    <label>easy_small</label>
    <description>easy_small</description>
    <creationDate>2016-02-04T16:16:15.544+02:00</creationDate>
    <updateDate>2013-02-07T14:32:14.414+02:00</updateDate>
    <mainReport>
        <localResource
            xmlns:xsi="http://www.w3.org/2001/XMLSchema-instance"
            exportedWithPermissions="false"
            dataFile="easy_small_jrxml.data" xsi:type="fileResource">
            <folder>/public/viz/Slow_Report/easy_small_files</folder>
            <name>easy_small_jrxml</name>
            <version>0</version>
            <label>Main jrxml</label>
            <description>Main jrxml</description>
            <creationDate>2016-02-04T16:16:15.544+02:00</creationDate>
            <updateDate>2011-12-05T15:14:33.019+02:00</updateDate>
            <fileType>jrxml</fileType>
        </localResource>
    </mainReport>
    <dataSource>
        <uri>/organizations/organization_1/analysis/datasources/FoodmartDataSourceJNDI</uri>
    </dataSource>
    <alwaysPromptControls>true</alwaysPromptControls>
    <controlsLayout>1</controlsLayout>
</reportUnit>
