<?xml version="1.0" encoding="UTF-8"?>
<fileResource exportedWithPermissions="true" dataFile="button_action_primary_sprite.png.data">
    <folder>/organizations/organization_1/themes/pods_summer/images</folder>
    <name>button_action_primary_sprite.png</name>
    <version>0</version>
    <label>button_action_primary_sprite.png</label>
    <creationDate>2015-09-04T17:13:11.581-07:00</creationDate>
    <updateDate>2015-09-04T17:13:11.581-07:00</updateDate>
    <fileType>img</fileType>
</fileResource>
