<?xml version="1.0" encoding="UTF-8"?>
<folder exportedWithPermissions="true">
    <parent>/public</parent>
    <name>Samples</name>
    <label>Samples</label>
    <description>Samples</description>
    <creationDate>2015-05-25T08:09:28.668-07:00</creationDate>
    <updateDate>2012-10-15T09:17:29.281-07:00</updateDate>
    <folder>Ad_Hoc_Views</folder>
    <folder>Dashboards</folder>
    <folder>Data_Sources</folder>
    <folder>Domains</folder>
    <folder>OLAP</folder>
    <folder>Reports</folder>
    <folder>Resources</folder>
    <folder>Topics</folder>
</folder>
