<?xml version="1.0" encoding="UTF-8"?>
<folder exportedWithPermissions="true">
    <parent>/organizations</parent>
    <name>organization_1</name>
    <label>Organization</label>
    <description>Organization</description>
    <creationDate>2015-05-25T08:07:19.437-07:00</creationDate>
    <updateDate>2015-05-25T08:07:19.437-07:00</updateDate>
    <folder>adhoc</folder>
    <folder>organizations</folder>
    <folder>performance</folder>
    <folder>temp</folder>
    <folder>templates</folder>
    <folder>themes</folder>
</folder>
