<?xml version="1.0" encoding="UTF-8"?>
<adhocDataView exportedWithPermissions="false">
    <folder>/public/viz</folder>
    <name>With_all_date_types_Adhoc</name>
    <version>1</version>
    <label>With all date types Adhoc</label>
    <description></description>
    <creationDate>2016-02-04T16:16:07.388+02:00</creationDate>
    <updateDate>2016-04-04T16:50:50.644+03:00</updateDate>
    <dataSource>
        <uri>/organizations/organization_1/analysis/datasources/SugarCRMDataSourceJNDI</uri>
    </dataSource>
    <resource>
        <localResource
            xmlns:xsi="http://www.w3.org/2001/XMLSchema-instance"
            exportedWithPermissions="false" dataFile="topicJRXML.data" xsi:type="fileResource">
            <folder>/public/viz/With_all_date_types_Adhoc_files</folder>
            <name>topicJRXML</name>
            <version>1</version>
            <label>topicJRXML</label>
            <creationDate>2016-02-04T16:16:07.388+02:00</creationDate>
            <updateDate>2014-05-12T22:04:52.282+03:00</updateDate>
            <fileType>jrxml</fileType>
        </localResource>
    </resource>
    <resource>
        <localResource
            xmlns:xsi="http://www.w3.org/2001/XMLSchema-instance"
            exportedWithPermissions="false" dataFile="stateXML.data" xsi:type="fileResource">
            <folder>/public/viz/With_all_date_types_Adhoc_files</folder>
            <name>stateXML</name>
            <version>1</version>
            <label>stateXML</label>
            <creationDate>2016-02-04T16:16:07.388+02:00</creationDate>
            <updateDate>2014-05-12T22:04:52.282+03:00</updateDate>
            <fileType>xml</fileType>
        </localResource>
    </resource>
    <reports>
        <localResource
            xmlns:xsi="http://www.w3.org/2001/XMLSchema-instance"
            exportedWithPermissions="false" xsi:type="reportUnit">
            <folder>/public/viz/With_all_date_types_Adhoc_files</folder>
            <name>dashboardReport</name>
            <version>0</version>
            <label>dashboardReport</label>
            <creationDate>2016-04-04T16:50:50.644+03:00</creationDate>
            <updateDate>2016-04-04T16:50:50.644+03:00</updateDate>
            <mainReport>
                <localResource exportedWithPermissions="false"
                    dataFile="mainReportJrxml.data" xsi:type="fileResource">
                    <folder>/public/viz/With_all_date_types_Adhoc_files/dashboardReport_files</folder>
                    <name>mainReportJrxml</name>
                    <version>0</version>
                    <label>mainReportJrxml</label>
                    <creationDate>2016-04-04T16:50:50.644+03:00</creationDate>
                    <updateDate>2016-04-04T16:50:50.644+03:00</updateDate>
                    <fileType>jrxml</fileType>
                </localResource>
            </mainReport>
            <resource>
                <localResource exportedWithPermissions="false"
                    dataFile="stateXML.data" xsi:type="fileResource">
                    <folder>/public/viz/With_all_date_types_Adhoc_files/dashboardReport_files</folder>
                    <name>stateXML</name>
                    <version>0</version>
                    <label>stateXML</label>
                    <creationDate>2016-04-04T16:50:50.644+03:00</creationDate>
                    <updateDate>2016-04-04T16:50:50.644+03:00</updateDate>
                    <fileType>xml</fileType>
                </localResource>
            </resource>
            <alwaysPromptControls>true</alwaysPromptControls>
            <controlsLayout>1</controlsLayout>
        </localResource>
    </reports>
    <alwaysPromptControls>true</alwaysPromptControls>
    <controlsLayout>1</controlsLayout>
</adhocDataView>
