<?xml version="1.0" encoding="UTF-8"?>
<folder exportedWithPermissions="true">
    <parent>/</parent>
    <name>public</name>
    <label>Public</label>
    <description></description>
    <creationDate>2017-05-26T07:10:51.000-07:00</creationDate>
    <updateDate>2017-05-26T07:10:51.000-07:00</updateDate>
    <folder>adhoc</folder>
    <folder>audit</folder>
    <folder>diagnostic</folder>
    <folder>monitoring</folder>
    <folder>templates</folder>
    <permission>
        <permissionMask>2</permissionMask>
        <recipient recipientType="role">ROLE_USER</recipient>
    </permission>
</folder>
