<?xml version="1.0" encoding="UTF-8"?>
<secureMondrianConnection exportedWithPermissions="true">
    <folder>/organizations/organization_1/analysis/connections</folder>
    <name>Foodmart</name>
    <version>1</version>
    <label>Foodmart</label>
    <description>Foodmart Mondrian Analysis Connection</description>
    <creationDate>2015-11-12T14:02:59.658-08:00</creationDate>
    <updateDate>2015-11-12T14:03:15.800-08:00</updateDate>
    <schema>
        <uri>/organizations/organization_1/analysis/schemas/FoodmartSchema</uri>
    </schema>
    <dataSource>
        <uri>/organizations/organization_1/analysis/datasources/FoodmartDataSourceJNDI</uri>
    </dataSource>
    <grant>
        <uri>/organizations/organization_1/analysis/schemas/FoodmartNoTopGrant</uri>
    </grant>
</secureMondrianConnection>
