<?xml version="1.0" encoding="UTF-8"?>
<mondrianConnection exportedWithPermissions="true">
    <folder>/analysis/connections</folder>
    <name>SugarCRM</name>
    <version>0</version>
    <label>SugarCRM</label>
    <description>SugarCRM Mondrian Analysis Connection: only opportunities</description>
    <creationDate>2016-06-10T12:37:44.000-07:00</creationDate>
    <updateDate>2016-06-10T12:37:44.000-07:00</updateDate>
    <schema>
        <uri>/analysis/schemas/SugarCRMSchema</uri>
    </schema>
    <dataSource>
        <uri>/analysis/datasources/SugarCRMDataSourceJNDI</uri>
    </dataSource>
</mondrianConnection>
