<?xml version="1.0" encoding="UTF-8"?>
<jdbcDataSource exportedWithPermissions="true">
    <folder>/analysis/datasources</folder>
    <name>SugarCRMDataSource</name>
    <version>0</version>
    <label>SugarCRM Data Source</label>
    <description>SugarCRM Data Source</description>
    <creationDate>2015-09-04T16:19:06.000-07:00</creationDate>
    <updateDate>2015-09-04T16:19:06.000-07:00</updateDate>
    <driver>org.mariadb.jdbc.Driver</driver>
    <connectionUrl>jdbc:mysql://ci-catalogs.jaspersoft.com:3306/sugarcrm?useUnicode=true&amp;amp;characterEncoding=UTF-8&amp;amp;autoReconnect=true&amp;amp;autoReconnectForPools=true</connectionUrl>
    <connectionUser>root</connectionUser>
    <connectionPassword>ENC&lt;A10D6D127EB6773A06679DA5EB61DD1D&gt;</connectionPassword>
</jdbcDataSource>
