<?xml version="1.0" encoding="UTF-8"?>
<fileResource exportedWithPermissions="true" dataFile="supermart_fr.properties.data">
    <folder>/organizations/organization_1/supermart/Common</folder>
    <name>supermart_fr.properties</name>
    <version>0</version>
    <label>supermart_fr.properties</label>
    <description>French resource bundle</description>
    <creationDate>2014-12-16T14:25:19.492-08:00</creationDate>
    <updateDate>2014-12-16T14:25:19.492-08:00</updateDate>
    <fileType>prop</fileType>
</fileResource>
