<?xml version="1.0" encoding="UTF-8"?>
<fileResource exportedWithPermissions="true" dataFile="supermart_zh_CN.properties.data">
    <folder>/organizations/organization_1/supermart/Common</folder>
    <name>supermart_zh_CN.properties</name>
    <version>0</version>
    <label>supermart_zh_CN.properties</label>
    <description>Chinese resource bundle</description>
    <creationDate>2015-09-04T17:13:30.176-07:00</creationDate>
    <updateDate>2015-09-04T17:13:30.176-07:00</updateDate>
    <fileType>prop</fileType>
</fileResource>
