<?xml version="1.0" encoding="UTF-8"?>
<inputControl exportedWithPermissions="false">
    <folder>/public/Samples/Resources/Input_Controls</folder>
    <name>ProductFamily</name>
    <version>5</version>
    <label>ProductFamily</label>
    <description>Product Family Single-Multi</description>
    <creationDate>2016-02-04T16:42:38.676+02:00</creationDate>
    <updateDate>2016-03-15T18:46:20.296+02:00</updateDate>
    <type>6</type>
    <mandatory>true</mandatory>
    <readOnly>false</readOnly>
    <visible>true</visible>
    <listOfValues>
        <uri>/public/Samples/Resources/Input_Controls/ProductFamilyList</uri>
    </listOfValues>
</inputControl>
