<?xml version="1.0" encoding="UTF-8"?>
<listOfValues exportedWithPermissions="false">
    <folder>/public/Samples/Resources/Input_Controls</folder>
    <name>ProductFamilyList</name>
    <version>3</version>
    <label>Product Family List</label>
    <description>Displays Food, Drink, Non-Consumable</description>
    <creationDate>2016-02-04T16:42:38.639+02:00</creationDate>
    <updateDate>2012-10-22T16:18:32.815+03:00</updateDate>
    <item>
        <itemLabel>Drink</itemLabel>
        <itemValue xmlns:xsi="http://www.w3.org/2001/XMLSchema-instance"
            xmlns:java="http://java.sun.com" xsi:type="java:java.lang.String">Drink</itemValue>
    </item>
    <item>
        <itemLabel>Food</itemLabel>
        <itemValue xmlns:xsi="http://www.w3.org/2001/XMLSchema-instance"
            xmlns:java="http://java.sun.com" xsi:type="java:java.lang.String">Food</itemValue>
    </item>
    <item>
        <itemLabel>Non-Consumable</itemLabel>
        <itemValue xmlns:xsi="http://www.w3.org/2001/XMLSchema-instance"
            xmlns:java="http://java.sun.com" xsi:type="java:java.lang.String">Non-Consumable</itemValue>
    </item>
</listOfValues>
