<?xml version="1.0" encoding="UTF-8"?>
<folder exportedWithPermissions="true">
    <parent>/public/Samples</parent>
    <name>Dashboards</name>
    <label>Dashboards</label>
    <description>Dashboards</description>
    <creationDate>2014-05-16T12:36:33.408-07:00</creationDate>
    <updateDate>2012-10-15T09:21:02.359-07:00</updateDate>
    <resource>1g__Supermart_Dashboard</resource>
    <resource>2g__Performance_Summary_Dashboard</resource>
    <resource>Performance_Summary_Dashboard</resource>
    <resource>Supermart_Dashboard</resource>
</folder>
