<?xml version="1.0" encoding="UTF-8"?>
<adhocDataView exportedWithPermissions="true">
    <folder>/public/Samples/Ad_Hoc_Views</folder>
    <name>11__Top_5_Products_by_City</name>
    <version>0</version>
    <label>11. Top 5 Products by City</label>
    <description>Sample Cross Tab showing Top 5 Products by Top 5 Cities, including the aggregate values of all other Products and Cities and Percent Share calculations for Product by City</description>
    <creationDate>2015-11-12T14:03:20.795-08:00</creationDate>
    <updateDate>2015-10-14T09:13:45.496-07:00</updateDate>
    <dataSource>
        <uri>/public/Samples/Data_Sources/FoodmartDataSourceJNDI</uri>
    </dataSource>
    <resource>
        <localResource
            xmlns:xsi="http://www.w3.org/2001/XMLSchema-instance"
            exportedWithPermissions="false" dataFile="topicJRXML.data" xsi:type="fileResource">
            <folder>/public/Samples/Ad_Hoc_Views/11__Top_5_Products_by_City_files</folder>
            <name>topicJRXML</name>
            <version>0</version>
            <label>topicJRXML</label>
            <creationDate>2015-11-12T14:03:20.795-08:00</creationDate>
            <updateDate>2015-10-14T09:13:45.496-07:00</updateDate>
            <fileType>jrxml</fileType>
        </localResource>
    </resource>
    <resource>
        <localResource
            xmlns:xsi="http://www.w3.org/2001/XMLSchema-instance"
            exportedWithPermissions="false" dataFile="stateXML.data" xsi:type="fileResource">
            <folder>/public/Samples/Ad_Hoc_Views/11__Top_5_Products_by_City_files</folder>
            <name>stateXML</name>
            <version>0</version>
            <label>stateXML</label>
            <creationDate>2015-11-12T14:03:20.795-08:00</creationDate>
            <updateDate>2015-10-14T09:13:45.496-07:00</updateDate>
            <fileType>xml</fileType>
        </localResource>
    </resource>
    <alwaysPromptControls>false</alwaysPromptControls>
    <controlsLayout>1</controlsLayout>
</adhocDataView>
