<?xml version="1.0" encoding="UTF-8"?>
<fileResource exportedWithPermissions="true" dataFile="supermart_ja.properties.data">
    <folder>/organizations/organization_1/supermart/Common</folder>
    <name>supermart_ja.properties</name>
    <version>0</version>
    <label>supermart_ja.properties</label>
    <description>Japanese resource bundle</description>
    <creationDate>2015-05-25T08:21:36.000-07:00</creationDate>
    <updateDate>2015-05-25T08:21:36.000-07:00</updateDate>
    <fileType>prop</fileType>
</fileResource>
