<?xml version="1.0" encoding="UTF-8"?>
<folder exportedWithPermissions="true">
    <parent>/organizations/organization_1/themes/default</parent>
    <name>bi</name>
    <label>bi</label>
    <creationDate>2014-12-16T14:24:57.407-08:00</creationDate>
    <updateDate>2014-12-16T14:24:57.407-08:00</updateDate>
    <resource>base.css</resource>
    <resource>controls.css</resource>
    <resource>js_reset.css</resource>
    <resource>layout.css</resource>
    <resource>utility.css</resource>
</folder>
