<?xml version="1.0" encoding="UTF-8"?>
<jdbcDataSource exportedWithPermissions="true">
    <folder>/organizations/organization_1/analysis/datasources</folder>
    <name>FoodmartDataSource</name>
    <version>0</version>
    <label>Foodmart Data Source</label>
    <description>Foodmart Data Source</description>
    <creationDate>2016-03-15T15:18:38.324-07:00</creationDate>
    <updateDate>2016-03-15T15:18:38.324-07:00</updateDate>
    <driver>org.postgresql.Driver</driver>
    <connectionUrl>jdbc:postgresql://ci-catalogs.jaspersoft.com:5432/foodmart</connectionUrl>
    <connectionUser>postgres</connectionUser>
    <connectionPassword>ENC&lt;5138E073D85983D4BC86A2BEDBE0CA8D&gt;</connectionPassword>
</jdbcDataSource>
