<?xml version="1.0" encoding="UTF-8"?>
<jdbcDataSource exportedWithPermissions="false">
    <folder>/public/Samples/Data_Sources</folder>
    <name>FoodmartDataSource</name>
    <version>3</version>
    <label>Foodmart Data Source</label>
    <description>Foodmart Data Source</description>
    <creationDate>2016-02-04T16:16:12.461+02:00</creationDate>
    <updateDate>2016-02-04T16:18:25.681+02:00</updateDate>
    <driver>org.postgresql.Driver</driver>
    <connectionUrl>jdbc:postgresql://127.0.01:5432/foodmart</connectionUrl>
    <connectionUser>postgres</connectionUser>
    <connectionPassword>ENC&lt;48F2CBF603E6E862F0A6FF2C5C05F2DD&gt;</connectionPassword>
    <timezone></timezone>
</jdbcDataSource>
