<?xml version="1.0" encoding="UTF-8"?>
<mondrianXmlaDefinition exportedWithPermissions="true">
    <folder>/analysis/xmla/definitions</folder>
    <name>SugarCRMXmlaDefinition</name>
    <version>0</version>
    <label>SugarCRM Mondrian XMLA definition</label>
    <description>SugarCRM Mondrian XMLA definition</description>
    <creationDate>2015-05-22T20:35:57.497-07:00</creationDate>
    <updateDate>2015-05-22T20:35:57.497-07:00</updateDate>
    <catalog>SugarCRM</catalog>
    <mondrianConnection>
        <uri>/analysis/connections/SugarCRM</uri>
    </mondrianConnection>
</mondrianXmlaDefinition>
