<?xml version="1.0" encoding="UTF-8"?>
<reportUnit exportedWithPermissions="true">
    <folder>/public/Samples/Resources/Extras</folder>
    <name>BlankBackground</name>
    <version>0</version>
    <label>BlankBackground</label>
    <creationDate>2015-09-04T17:13:54.616-07:00</creationDate>
    <updateDate>2013-09-06T03:56:37.606-07:00</updateDate>
    <mainReport>
        <localResource
            xmlns:xsi="http://www.w3.org/2001/XMLSchema-instance"
            exportedWithPermissions="false" dataFile="main_jrxml.data" xsi:type="fileResource">
            <folder>/public/Samples/Resources/Extras/BlankBackground_files</folder>
            <name>main_jrxml</name>
            <version>0</version>
            <label>Main jrxml</label>
            <creationDate>2015-09-04T17:13:54.616-07:00</creationDate>
            <updateDate>2013-09-04T06:33:15.556-07:00</updateDate>
            <fileType>jrxml</fileType>
        </localResource>
    </mainReport>
    <dataSource>
        <uri>/public/Samples/Data_Sources/FoodmartDataSourceJNDI</uri>
    </dataSource>
    <alwaysPromptControls>false</alwaysPromptControls>
    <controlsLayout>1</controlsLayout>
</reportUnit>
