<?xml version="1.0" encoding="UTF-8"?>
<fileResource exportedWithPermissions="true" dataFile="supermart_zh_CN.properties.data">
    <folder>/public/Samples/Resources/Extras</folder>
    <name>supermart_zh_CN.properties</name>
    <version>0</version>
    <label>supermart_zh_CN.properties</label>
    <description>Chinese resource bundle</description>
    <creationDate>2014-05-16T12:36:42.951-07:00</creationDate>
    <updateDate>2013-09-06T00:02:54.513-07:00</updateDate>
    <fileType>prop</fileType>
</fileResource>
