<?xml version="1.0" encoding="UTF-8"?>
<fileResource exportedWithPermissions="true" dataFile="supermart_fr.properties.data">
    <folder>/public/Samples/Resources/Extras</folder>
    <name>supermart_fr.properties</name>
    <version>0</version>
    <label>supermart_fr.properties</label>
    <description>French resource bundle</description>
    <creationDate>2014-12-16T14:25:24.855-08:00</creationDate>
    <updateDate>2014-09-30T10:27:44.030-07:00</updateDate>
    <fileType>prop</fileType>
</fileResource>
