<?xml version="1.0" encoding="UTF-8"?>
<fileResource exportedWithPermissions="true" dataFile="supermart_en_US.properties.data">
    <folder>/public/Samples/Resources/Extras</folder>
    <name>supermart_en_US.properties</name>
    <version>0</version>
    <label>supermart_en_US.properties</label>
    <description>US English resource bundle</description>
    <creationDate>2014-12-16T14:25:24.572-08:00</creationDate>
    <updateDate>2014-09-30T10:27:43.907-07:00</updateDate>
    <fileType>prop</fileType>
</fileResource>
