<?xml version="1.0" encoding="UTF-8"?>
<fileResource exportedWithPermissions="true" dataFile="Top5ProductsReport.data">
    <folder>/public/Samples/Resources/Extras</folder>
    <name>Top5ProductsReport</name>
    <version>0</version>
    <label>Top5ProductsReport</label>
    <description>Subreport for Top Fives Report. Parameterized on month. Links to details.</description>
    <creationDate>2015-09-04T17:13:39.242-07:00</creationDate>
    <updateDate>2013-09-16T04:31:25.552-07:00</updateDate>
    <fileType>jrxml</fileType>
</fileResource>
