<?xml version="1.0" encoding="UTF-8"?>
<fileResource exportedWithPermissions="true" dataFile="OpenSans-Semibold-webfont.eot.data">
    <folder>/organizations/organization_1/themes/default/jasper-ui/fonts</folder>
    <name>OpenSans-Semibold-webfont.eot</name>
    <version>0</version>
    <label>OpenSans-Semibold-webfont.eot</label>
    <creationDate>2017-05-26T07:00:27.586-07:00</creationDate>
    <updateDate>2017-05-26T07:00:27.586-07:00</updateDate>
    <fileType>img</fileType>
</fileResource>
