<?xml version="1.0" encoding="UTF-8"?>
<fileResource exportedWithPermissions="true" dataFile="OpenSans-Italic-webfont.woff2.data">
    <folder>/organizations/organization_1/themes/default/jasper-ui/fonts</folder>
    <name>OpenSans-Italic-webfont.woff2</name>
    <version>0</version>
    <label>OpenSans-Italic-webfont.woff2</label>
    <creationDate>2017-05-26T07:00:27.328-07:00</creationDate>
    <updateDate>2017-05-26T07:00:27.328-07:00</updateDate>
    <fileType>img</fileType>
</fileResource>
